1,1000,7,Anas,Services,7,4
2,1001,7,Hamza,Services,7,4
3,1002,2,Wakefield Handforth,Research and Development,2,4
4,1003,9,Keven Olenikov,Legal,9,4
5,1004,9,Conni Orpwood,Legal,9,4
6,1005,3,Giulia Veelers,Business Development,3,3
7,1006,4,Tod Feldmann,Training,4,3
8,1007,5,Marius Brockbank,Support,5,2
9,1008,1,Sean Duncanson,Marketing,1,4
10,1009,4,Harmonie Bradder,Training,4,3
11,1010,3,Chrissy Piell,Business Development,3,3
12,1011,5,Dana Renshaw,Support,5,2
13,1012,9,Pierre Easman,Legal,9,4
14,1013,4,Harmonia Vescovini,Training,4,3
15,1014,9,Loralee Batchan,Legal,9,4
16,1015,6,Kingsly Dhillon,Human Resources,6,5
17,1016,9,Ivor Beardshall,Legal,9,4
18,1017,6,Raddie Woodings,Human Resources,6,5
19,1018,2,Melanie Heather,Research and Development,2,4
20,1019,3,Katerine Dominici,Business Development,3,3
21,1020,5,Evonne Cymper,Support,5,2
22,1021,3,Ransom Fidock,Business Development,3,3
23,1022,6,Aretha Grason,Human Resources,6,5
24,1023,8,Shalna Dalziell,Legal,8,3
25,1024,8,Juline Ithell,Legal,8,3
26,1025,5,Maggie Keer,Support,5,2
27,1026,2,Rossie Stubs,Research and Development,2,4
28,1027,1,Arlin Pockey,Marketing,1,4
29,1028,1,Nye Grayland,Marketing,1,4
30,1029,7,Daveen Beeres,Services,7,4
31,1030,4,Emmanuel Clowley,Training,4,3
32,1031,2,Rudolph Grealey,Research and Development,2,4
33,1032,6,Meriel Milburne,Human Resources,6,5
34,1033,1,Dee Dunnan,Marketing,1,4
35,1034,1,Lionel MacKenny,Marketing,1,4
36,1035,3,Janek Van De Cappelle,Business Development,3,3
37,1036,4,Billie Hegge,Training,4,3
38,1037,2,Abby Osment,Research and Development,2,4
39,1038,5,Ethelred Powder,Support,5,2
40,1039,8,Yance MacPhee,Legal,8,3
41,1040,6,Lucinda Semered,Human Resources,6,5
42,1041,10,Nerita Elsley,Product Management,10,1
43,1042,5,Gasparo Matejovsky,Support,5,2
44,1043,9,Debbi Brunsen,Legal,9,4
45,1044,8,Lizzy Wermerling,Legal,8,3
46,1045,2,Wilhelmine Pranger,Research and Development,2,4
47,1046,1,Julienne Georg,Marketing,1,4
48,1047,8,Tarrance Farnham,Legal,8,3
49,1048,9,Ebenezer Algate,Legal,9,4
50,1049,1,Nedda Scrange,Marketing,1,4
51,1050,9,Delano Wesley,Legal,9,4
52,1051,2,Lisa Colbert,Research and Development,2,4
53,1052,6,Kynthia Rihosek,Human Resources,6,5
54,1053,9,Truman Skocroft,Legal,9,4
55,1054,6,Alex Bohje,Human Resources,6,5
56,1055,10,Hamid Fleetham,Product Management,10,1
57,1056,4,Mariellen Shillabeare,Training,4,3
58,1057,3,Winn Palfery,Business Development,3,3
59,1058,4,Galvin Goodred,Training,4,3
60,1059,9,Mildrid Merryfield,Legal,9,4
61,1060,5,Fairleigh Yearne,Support,5,2
62,1061,4,Evangelin Tibb,Training,4,3
63,1062,5,Keriann Worters,Support,5,2
64,1063,2,Zorine Capron,Research and Development,2,4
65,1064,2,Bab Hebblethwaite,Research and Development,2,4
66,1065,7,Tonie Killik,Services,7,4
67,1066,10,Elbertina Sage,Product Management,10,1
68,1067,10,Yevette Midlar,Product Management,10,1
69,1068,10,Estella Hollows,Product Management,10,1
70,1069,6,Arabele Worral,Human Resources,6,5
71,1070,7,Giraud Matanin,Services,7,4
72,1071,2,Ken McDonell,Research and Development,2,4
73,1072,4,Patricia Sproule,Training,4,3
74,1073,5,Karole Rolse,Support,5,2
75,1074,3,Elihu Cruces,Business Development,3,3
76,1075,3,Nobe Elms,Business Development,3,3
77,1076,7,Gretta McGiffin,Services,7,4
78,1077,6,Devon Union,Human Resources,6,5
79,1078,3,Nevin Swait,Business Development,3,3
80,1079,7,Annmaria Buzza,Services,7,4
81,1080,8,Marnia Walshaw,Legal,8,3
82,1081,9,Karlie Pavitt,Legal,9,4
83,1082,5,Charlene Diem,Support,5,2
84,1083,6,Fran Yeoman,Human Resources,6,5
85,1084,1,Kailey Collabine,Marketing,1,4
86,1085,1,Romonda Westcott,Marketing,1,4
87,1086,8,Finley Meaker,Legal,8,3
88,1087,3,Cybill Cinelli,Business Development,3,3
89,1088,2,Kelsy Athow,Research and Development,2,4
90,1089,9,Gillie Farthing,Legal,9,4
91,1090,2,Roselin Goldsby,Research and Development,2,4
92,1091,3,Granny Maty,Business Development,3,3
93,1092,5,Prince Cuxon,Support,5,2
94,1093,7,Pooh Ansley,Services,7,4
95,1094,6,Alexandrina Geck,Human Resources,6,5
96,1095,4,Shadow Hannam,Training,4,3
97,1096,7,Desiree Fabbri,Services,7,4
98,1097,1,Perry Simmgen,Marketing,1,4
99,1098,1,Sarene Conochie,Marketing,1,4
100,1099,10,Ellen Tackes,Product Management,10,1
101,10000,11,Mohamed Qanah,,,
101,10000,11,Mohamed Qanah,,,
101,10000,11,Mohamed Qanah,,,
101,10000,11,Mohamed Qanah,,,
,,,Meme Review,12,1
